{"cameraMode":{"drawMode":0,"name":"Shaded","section":"Shading Mode"},"sceneLighting":false,"audioPlay":false,"sceneViewState":{"m_AlwaysRefresh":false,"showFog":true,"showSkybox":false,"showFlares":true,"showImageEffects":true,"showParticleSystems":true,"showVisualEffectGraphs":true,"m_FxEnabled":true},"in2DMode":false,"pivot":{"x":15.765999794006348,"y":2.0969998836517336,"z":1.24399995803833},"rotation":{"x":-0.006031570490449667,"y":-0.6959664821624756,"z":-0.005846246145665646,"w":0.7180264592170715},"size":0.043301090598106387,"orthographic":false}